{"cameraMode":{"drawMode":0,"name":"Shaded","section":"Shading Mode"},"sceneLighting":false,"audioPlay":false,"sceneViewState":{"showFog":true,"showMaterialUpdate":false,"showSkybox":false,"showFlares":true,"showImageEffects":true,"showParticleSystems":true},"in2DMode":false,"pivot":{"x":-5.747759819030762,"y":-3.6154978275299074,"z":0.46219444274902346},"rotation":{"x":0.1464764028787613,"y":0.2381434142589569,"z":-0.036357298493385318,"w":0.9594319462776184},"size":1.1180452108383179,"orthographic":false}